{
  "project_info": {
    "project_number": "55724894309",
    "firebase_url": "https://carecireapp-default-rtdb.asia-southeast1.firebasedatabase.app",
    "project_id": "carecireapp",
    "storage_bucket": "carecireapp.firebasestorage.app"
  },
  "client": [
    {
      "client_info": {
        "mobilesdk_app_id": "1:55724894309:android:de1f845cc8b2ab3a863e8c",
        "android_client_info": {
          "package_name": "edu.tarumt.bait2073.assignment.bait2073_assignment"
        }
      },
      "oauth_client": [],
      "api_key": [
        {
          "current_key": "AIzaSyAw5WVaPbjbuzL066xCqgS3rAXbpk4Hn1c"
        }
      ],
      "services": {
        "appinvite_service": {
          "other_platform_oauth_client": []
        }
      }
    }
  ],
  "configuration_version": "1"
}